<?xml version="1.0" encoding="UTF-8"?>
<!DOCTYPE hibernate-mapping PUBLIC "-//Hibernate/Hibernate Mapping DTD 3.0//EN"
"http://hibernate.sourceforge.net/hibernate-mapping-3.0.dtd">
<!-- Generated Sep 7, 2020 8:07:48 AM by Hibernate Tools 3.5.0.Final -->
	
<hibernate-mapping>
    <class name="com.Book" table="BOOK_TBL">
       	<id name="book_id" type="int">
        <column name="BK_ID"/>
		<generator class="increment" />
        </id>
        <property name="book_name" type="java.lang.String" length="15" not-null="true">
        <column name="BK_NAME" />
        </property>
    </class>
</hibernate-mapping>