<?xml version="1.0" encoding="UTF-8"?>
<beans xmlns="http://www.springframework.org/schema/beans"
   xmlns:context="http://www.springframework.org/schema/context"
   xmlns:xsi="http://www.w3.org/2001/XMLSchema-instance"
   xsi:schemaLocation="
   http://www.springframework.org/schema/beans     
   http://www.springframework.org/schema/beans/spring-beans-3.0.xsd
   http://www.springframework.org/schema/context 
   http://www.springframework.org/schema/context/spring-context-3.0.xsd">

   <bean id="welcome1" class="org.springframework.web.servlet.view.JstlView">
      <property name="url" value="/jsp/welcome.jsp"></property>
      </bean>
      
        <bean id="bye" class="org.springframework.web.servlet.view.JstlView">
      <property name="url" value="/jsp/bye.jsp"></property>
      </bean>
   </beans>